{
    "C/N": 2.158123728118006,
    "arm_degrees": [
        0.0,
        72.0,
        144.0,
        216.0,
        288.0
    ],
    "arms": [
        [
            0.6529630237476174,
            2.504432694886343,
            1.073494591195416,
            2.0005486285280463,
            1.693181081287429
        ],
        [
            1.7817801673973575,
            2.5479706468791354,
            0.24027311461115142,
            0.5448087496619634,
            0.9209845465458897
        ],
        [
            2.54993417924799,
            0.7030967569347759,
            1.5336789571128613,
            1.2116849949441444,
            1.932751799958924
        ],
        [
            0.8609740214161916,
            2.5468131744184697,
            0.3521255703988069,
            2.2409579872406376,
            1.2609873402646041
        ],
        [
            2.4973866033909307,
            2.191993817667368,
            1.7956789837968319,
            1.2717328395565333
        ]
    ],
    "entropy": 3.8594732373100027,
    "fov_degrees": 160.0,
    "num_arms": 5,
    "penalty": 0.05830674870939684,
    "radius": 2.55,
    "radius_lower": 0.20000000298023224,
    "res_arcmin": 180.0,
    "spacing": 0.30000001192092896
}